title,author,publisher,pub_date,price,link,img_src
서유기 1,오승은,책에반하다,2020.05.15,"10,800원(-10%)",http://book.naver.com/bookdb/book_detail.nhn?bid=16330642,https://bookthumb-phinf.pstatic.net/cover/163/306/16330642.jpg?type=m1&udate=Sat May 02 17:04:37 KST 2020
키다리 아저씨,진 웹스터,책에반하다,2020.05.15,"10,800원(-10%)",http://book.naver.com/bookdb/book_detail.nhn?bid=16344542,https://bookthumb-phinf.pstatic.net/cover/163/445/16344542.jpg?type=m1&udate=Sat May 02 17:04:37 KST 2020
어린왕자,앙투안 드 생텍쥐페리,책에반하다,2020.05.15,"9,000원(-10%)",http://book.naver.com/bookdb/book_detail.nhn?bid=16344544,https://bookthumb-phinf.pstatic.net/cover/163/445/16344544.jpg?type=m1&udate=Sat May 02 17:04:37 KST 2020
서유기 2,오승은,책에반하다,2020.05.15,"10,800원(-10%)",http://book.naver.com/bookdb/book_detail.nhn?bid=16330646,https://bookthumb-phinf.pstatic.net/cover/163/306/16330646.jpg?type=m1&udate=Sat May 02 17:04:37 KST 2020
피터팬,제임스 매튜 배리,책에반하다,2020.05.15,"14,850원(-10%)",http://book.naver.com/bookdb/book_detail.nhn?bid=16344620,https://bookthumb-phinf.pstatic.net/cover/163/446/16344620.jpg?type=m1&udate=Sat May 02 17:04:37 KST 2020
지니어스 게임,레오폴도 가우트,"미래인(미래M&B,미래엠앤비)",2020.05.15,"12,600원(-10%)",http://book.naver.com/bookdb/book_detail.nhn?bid=16327422,https://bookthumb-phinf.pstatic.net/cover/163/274/16327422.jpg?type=m1&udate=Sat May 02 17:04:37 KST 2020
명진이의 수학여행(함께교육 5),권재원,서유재,2020.05.15,"13,500원(-10%)",http://book.naver.com/bookdb/book_detail.nhn?bid=16344998,https://bookthumb-phinf.pstatic.net/cover/163/449/16344998.jpg?type=m1&udate=Sat May 02 17:04:37 KST 2020
삼국지 1,나관중,책에반하다,2020.05.15,"10,800원(-10%)",http://book.naver.com/bookdb/book_detail.nhn?bid=16330394,https://bookthumb-phinf.pstatic.net/cover/163/303/16330394.jpg?type=m1&udate=Sat May 02 17:04:37 KST 2020
삼국지 2,나관중,책에반하다,2020.05.15,"10,800원(-10%)",http://book.naver.com/bookdb/book_detail.nhn?bid=16330395,https://bookthumb-phinf.pstatic.net/cover/163/303/16330395.jpg?type=m1&udate=Sat May 02 17:04:37 KST 2020
폭군의 아이를 가졌습니다. 2,류란,페리윙클,2020.05.13,"10,620원(-10%)",http://book.naver.com/bookdb/book_detail.nhn?bid=16342264,https://bookthumb-phinf.pstatic.net/cover/163/422/16342264.jpg?type=m1&udate=Sat May 02 17:04:37 KST 2020
폭군의 아이를 가졌습니다. 3,류란,페리윙클,2020.05.13,"10,620원(-10%)",http://book.naver.com/bookdb/book_detail.nhn?bid=16342265,https://bookthumb-phinf.pstatic.net/cover/163/422/16342265.jpg?type=m1&udate=Sat May 02 17:04:37 KST 2020
폭군의 아이를 가졌습니다(세트)(전3권),류란,페리윙클,2020.05.13,"31,860원(-10%)",http://book.naver.com/bookdb/book_detail.nhn?bid=16342250,https://bookthumb-phinf.pstatic.net/cover/163/422/16342250.jpg?type=m1&udate=Sat May 02 17:04:37 KST 2020
폭군의 아이를 가졌습니다. 1,류란,페리윙클,2020.05.13,"10,620원(-10%)",http://book.naver.com/bookdb/book_detail.nhn?bid=16342261,https://bookthumb-phinf.pstatic.net/cover/163/422/16342261.jpg?type=m1&udate=Sat May 02 17:04:37 KST 2020
공주님은 공무 중,피파 로스코,신영미디어,2020.05.11,"4,680원(-10%)",http://book.naver.com/bookdb/book_detail.nhn?bid=16345417,https://bookthumb-phinf.pstatic.net/cover/163/454/16345417.jpg?type=m1&udate=Sat May 02 17:04:37 KST 2020
나쁜 남자의 비즈니스,야라 세인트 존,신영미디어,2020.05.11,"4,680원(-10%)",http://book.naver.com/bookdb/book_detail.nhn?bid=16345418,https://bookthumb-phinf.pstatic.net/cover/163/454/16345418.jpg?type=m1&udate=Sat May 02 17:04:37 KST 2020
더블 로열 스캔들,린 그레이엄,신영미디어,2020.05.11,"4,680원(-10%)",http://book.naver.com/bookdb/book_detail.nhn?bid=16345419,https://bookthumb-phinf.pstatic.net/cover/163/454/16345419.jpg?type=m1&udate=Sat May 02 17:04:37 KST 2020
흑기사를 조심하세요,레슬리 켈리,신영미디어,2020.05.11,"4,680원(-10%)",http://book.naver.com/bookdb/book_detail.nhn?bid=16345420,https://ssl.pstatic.net/static/book/image/juvenile_pest_82X116.gif&udate=Sat May 02 17:04:37 KST 2020
사라진 나라의 아이들(케이 스릴러),이성진,고즈넉이엔티,2020.05.10,"12,150원(-10%)",http://book.naver.com/bookdb/book_detail.nhn?bid=16338604,https://bookthumb-phinf.pstatic.net/cover/163/386/16338604.jpg?type=m1&udate=Sat May 02 17:04:37 KST 2020
이레(케이 스릴러),김달리,고즈넉이엔티,2020.05.10,"12,150원(-10%)",http://book.naver.com/bookdb/book_detail.nhn?bid=16338607,https://bookthumb-phinf.pstatic.net/cover/163/386/16338607.jpg?type=m1&udate=Sat May 02 17:04:37 KST 2020
행복배틀(케이 스릴러),주영하,고즈넉이엔티,2020.05.10,"12,150원(-10%)",http://book.naver.com/bookdb/book_detail.nhn?bid=16338610,https://bookthumb-phinf.pstatic.net/cover/163/386/16338610.jpg?type=m1&udate=Sat May 02 17:04:37 KST 2020
깨어나지 말 걸 그랬어(케이 스릴러),김하림,고즈넉이엔티,2020.05.10,"12,150원(-10%)",http://book.naver.com/bookdb/book_detail.nhn?bid=16338584,https://bookthumb-phinf.pstatic.net/cover/163/385/16338584.jpg?type=m1&udate=Sat May 02 17:04:37 KST 2020
마귀(케이 스릴러),전건우,고즈넉이엔티,2020.05.10,"12,150원(-10%)",http://book.naver.com/bookdb/book_detail.nhn?bid=16338587,https://bookthumb-phinf.pstatic.net/cover/163/385/16338587.jpg?type=m1&udate=Sat May 02 17:04:37 KST 2020
말괄량이 사이코패스(케이 스릴러),기윤슬,고즈넉이엔티,2020.05.10,"11,250원(-10%)",http://book.naver.com/bookdb/book_detail.nhn?bid=16338590,https://bookthumb-phinf.pstatic.net/cover/163/385/16338590.jpg?type=m1&udate=Sat May 02 17:04:37 KST 2020
비행엄마(케이 스릴러),이지은,고즈넉이엔티,2020.05.10,"11,250원(-10%)",http://book.naver.com/bookdb/book_detail.nhn?bid=16338596,https://bookthumb-phinf.pstatic.net/cover/163/385/16338596.jpg?type=m1&udate=Sat May 02 17:04:37 KST 2020
다행인지 불행인지 3,노희다,연담,2020.05.08,"11,700원(-10%)",http://book.naver.com/bookdb/book_detail.nhn?bid=16338825,https://bookthumb-phinf.pstatic.net/cover/163/388/16338825.jpg?type=m1&udate=Sat May 02 17:04:37 KST 2020
다행인지 불행인지 4/완결,노희다,연담,2020.05.08,"11,700원(-10%)",http://book.naver.com/bookdb/book_detail.nhn?bid=16338826,https://bookthumb-phinf.pstatic.net/cover/163/388/16338826.jpg?type=m1&udate=Sat May 02 17:04:37 KST 2020
다행인지 불행인지 1~4 - 전4권,노희다,연담,2020.05.08,"46,800원(-10%)",http://book.naver.com/bookdb/book_detail.nhn?bid=16338828,https://bookthumb-phinf.pstatic.net/cover/163/388/16338828.jpg?type=m1&udate=Sat May 02 17:04:37 KST 2020
삼국지. 1(재밌어서 끝까지 읽는),나관중(원작),우리책,2020.05.08,"16,200원(-10%)",http://book.naver.com/bookdb/book_detail.nhn?bid=16345002,https://bookthumb-phinf.pstatic.net/cover/163/450/16345002.jpg?type=m1&udate=Sat May 02 17:04:37 KST 2020
삼국지. 2(재밌어서 끝까지 읽는),나관중(원작),우리책,2020.05.08,"14,400원(-10%)",http://book.naver.com/bookdb/book_detail.nhn?bid=16345005,https://bookthumb-phinf.pstatic.net/cover/163/450/16345005.jpg?type=m1&udate=Sat May 02 17:04:37 KST 2020
다행인지 불행인지 1,노희다,연담,2020.05.08,"11,700원(-10%)",http://book.naver.com/bookdb/book_detail.nhn?bid=16338820,https://bookthumb-phinf.pstatic.net/cover/163/388/16338820.jpg?type=m1&udate=Sat May 02 17:04:37 KST 2020
다행인지 불행인지 2,노희다,연담,2020.05.08,"11,700원(-10%)",http://book.naver.com/bookdb/book_detail.nhn?bid=16338821,https://bookthumb-phinf.pstatic.net/cover/163/388/16338821.jpg?type=m1&udate=Sat May 02 17:04:37 KST 2020
버지니아 울프 단편소설 전집(버지니아 울프 전집 10),버지니아 울프,솔,2020.05.08,"17,100원(-10%)",http://book.naver.com/bookdb/book_detail.nhn?bid=16341940,https://bookthumb-phinf.pstatic.net/cover/163/419/16341940.jpg?type=m1&udate=Sat May 02 17:04:37 KST 2020
레이첼의 죽음으로부터,플린 베리,작가정신,2020.05.07,"12,600원(-10%)",http://book.naver.com/bookdb/book_detail.nhn?bid=16339264,https://bookthumb-phinf.pstatic.net/cover/163/392/16339264.jpg?type=m1&udate=Sat May 02 17:04:37 KST 2020
엔딩 보게 해주세요,김보영,요다,2020.05.05,"12,600원(-10%)",http://book.naver.com/bookdb/book_detail.nhn?bid=16301362,https://bookthumb-phinf.pstatic.net/cover/163/013/16301362.jpg?type=m1&udate=Sat May 02 17:04:37 KST 2020
모팽 양(이삭줍기 환상문학 3),테오필 고티에,열림원,2020.05.05,"13,500원(-10%)",http://book.naver.com/bookdb/book_detail.nhn?bid=16345483,https://bookthumb-phinf.pstatic.net/cover/163/454/16345483.jpg?type=m1&udate=Sat May 02 17:04:37 KST 2020
리옴빠,유리 올레샤,미행,2020.05.05,"15,300원(-10%)",http://book.naver.com/bookdb/book_detail.nhn?bid=16345496,https://bookthumb-phinf.pstatic.net/cover/163/454/16345496.jpg?type=m1&udate=Sat May 02 17:04:37 KST 2020
카구야 프로젝트,원샨,아작,2020.05.05,"13,320원(-10%)",http://book.naver.com/bookdb/book_detail.nhn?bid=16340354,https://bookthumb-phinf.pstatic.net/cover/163/403/16340354.jpg?type=m1&udate=Sat May 02 17:04:37 KST 2020
"세 개의 단어, 그리고 십 분",박지현,아홉프레스,2020.05.05,"12,600원(-10%)",http://book.naver.com/bookdb/book_detail.nhn?bid=16342511,https://bookthumb-phinf.pstatic.net/cover/163/425/16342511.jpg?type=m1&udate=Sat May 02 17:04:37 KST 2020
닐라칸타 Nilakantha,장량,세니오,2020.05.04,"16,200원(-10%)",http://book.naver.com/bookdb/book_detail.nhn?bid=16343546,https://bookthumb-phinf.pstatic.net/cover/163/435/16343546.jpg?type=m1&udate=Sat May 02 17:04:37 KST 2020
오 헨리 단편선(2020년 리커버)(개정판),오 헨리,책만드는집,2020.05.04,"11,520원(-10%)",http://book.naver.com/bookdb/book_detail.nhn?bid=16344571,https://bookthumb-phinf.pstatic.net/cover/163/445/16344571.jpg?type=m1&udate=Sat May 02 17:04:37 KST 2020
밤 끝으로의 여행,루이 훼르디낭 쎌린느,최측의농간,2020.05.04,"25,200원(-10%)",http://book.naver.com/bookdb/book_detail.nhn?bid=16340053,https://bookthumb-phinf.pstatic.net/cover/163/400/16340053.jpg?type=m1&udate=Sat May 02 17:04:37 KST 2020
"서른다섯, 다시 시작해",강혁모,마음세상,2020.05.04,"11,880원(-10%)",http://book.naver.com/bookdb/book_detail.nhn?bid=16329358,https://bookthumb-phinf.pstatic.net/cover/163/293/16329358.jpg?type=m1&udate=Sat May 02 17:04:37 KST 2020
십자가 벌판,까를로스 알폰소,재남,2020.05.02,"13,500원(-10%)",http://book.naver.com/bookdb/book_detail.nhn?bid=16345747,https://bookthumb-phinf.pstatic.net/cover/163/457/16345747.jpg?type=m1&udate=Sat May 02 17:04:37 KST 2020
겐지 이야기 2,무라사키 시키부,동서문화사,2020.05.01,"14,400원(-10%)",http://book.naver.com/bookdb/book_detail.nhn?bid=16324208,https://bookthumb-phinf.pstatic.net/cover/163/242/16324208.jpg?type=m1&udate=Sat May 02 17:04:37 KST 2020
겐지 이야기 3,무라사키 시키부,동서문화사,2020.05.01,"14,400원(-10%)",http://book.naver.com/bookdb/book_detail.nhn?bid=16324210,https://bookthumb-phinf.pstatic.net/cover/163/242/16324210.jpg?type=m1&udate=Sat May 02 17:04:37 KST 2020
시절과 기분,김봉곤,창비,2020.05.01,"12,600원(-10%)",http://book.naver.com/bookdb/book_detail.nhn?bid=16343515,https://bookthumb-phinf.pstatic.net/cover/163/435/16343515.jpg?type=m1&udate=Sat May 02 17:04:37 KST 2020
겐지 이야기 1,무라사키 시키부,동서문화사,2020.05.01,"14,400원(-10%)",http://book.naver.com/bookdb/book_detail.nhn?bid=16324205,https://bookthumb-phinf.pstatic.net/cover/163/242/16324205.jpg?type=m1&udate=Sat May 02 17:04:37 KST 2020
달뜨기 마을,안재성,목선재,2020.05.01,"12,420원(-10%)",http://book.naver.com/bookdb/book_detail.nhn?bid=16339255,https://bookthumb-phinf.pstatic.net/cover/163/392/16339255.jpg?type=m1&udate=Sat May 02 17:04:37 KST 2020
맥티그,프랭크 노리스,을유문화사,2020.04.30,"14,400원(-10%)",http://book.naver.com/bookdb/book_detail.nhn?bid=16338281,https://bookthumb-phinf.pstatic.net/cover/163/382/16338281.jpg?type=m1&udate=Sat May 02 17:04:37 KST 2020
그들이 가지고 다닌 것들,팀 오브라이언,섬과달,2020.04.30,"12,600원(-10%)",http://book.naver.com/bookdb/book_detail.nhn?bid=16342214,https://bookthumb-phinf.pstatic.net/cover/163/422/16342214.jpg?type=m1&udate=Sat May 02 17:04:37 KST 2020
마녀 카페,토미,클북,2020.04.30,"13,500원(-10%)",http://book.naver.com/bookdb/book_detail.nhn?bid=16343458,https://bookthumb-phinf.pstatic.net/cover/163/434/16343458.jpg?type=m1&udate=Sat May 02 17:04:37 KST 2020
초판본 걸리버 여행기,조너선 스위프트,더스토리,2020.04.30,"9,900원(-10%)",http://book.naver.com/bookdb/book_detail.nhn?bid=16338832,https://bookthumb-phinf.pstatic.net/cover/163/388/16338832.jpg?type=m1&udate=Sat May 02 17:04:37 KST 2020
스파이의 유산(양장본 HardCover),존 르 카레,열린책들,2020.04.30,"14,220원(-10%)",http://book.naver.com/bookdb/book_detail.nhn?bid=16343510,https://bookthumb-phinf.pstatic.net/cover/163/435/16343510.jpg?type=m1&udate=Sat May 02 17:04:37 KST 2020
선샤인의 완벽한 죽음(안전가옥 오리지널 4),범유진,안전가옥,2020.04.30,"11,700원(-10%)",http://book.naver.com/bookdb/book_detail.nhn?bid=16344580,https://bookthumb-phinf.pstatic.net/cover/163/445/16344580.jpg?type=m1&udate=Sat May 02 17:04:37 KST 2020
우모리 하늘신발,송경아,알마,2020.04.30,"10,800원(-10%)",http://book.naver.com/bookdb/book_detail.nhn?bid=16343966,https://bookthumb-phinf.pstatic.net/cover/163/439/16343966.jpg?type=m1&udate=Sat May 02 17:04:37 KST 2020
악의와 공포의 용은 익히 아는 자여라,홍지운,알마,2020.04.30,"10,800원(-10%)",http://book.naver.com/bookdb/book_detail.nhn?bid=16343971,https://bookthumb-phinf.pstatic.net/cover/163/439/16343971.jpg?type=m1&udate=Sat May 02 17:04:37 KST 2020
역주 동래박의 4,여조겸 저,전통문화연구회,2020.04.30,"30,600원(-10%)",http://book.naver.com/bookdb/book_detail.nhn?bid=16326322,https://bookthumb-phinf.pstatic.net/cover/163/263/16326322.jpg?type=m1&udate=Sat May 02 17:04:37 KST 2020
오만과 편견(풀컬러 일러스트 에디션)(아르볼 N클래식)(양장본 HardCover),제인 오스틴,지학사 아르볼,2020.04.30,"22,500원(-10%)",http://book.naver.com/bookdb/book_detail.nhn?bid=16343504,https://bookthumb-phinf.pstatic.net/cover/163/435/16343504.jpg?type=m1&udate=Sat May 02 17:04:37 KST 2020
폭풍우(열린책들 세계문학 250),윌리엄 셰익스피어,열린책들,2020.04.30,"7,920원(-10%)",http://book.naver.com/bookdb/book_detail.nhn?bid=16343973,https://bookthumb-phinf.pstatic.net/cover/163/439/16343973.jpg?type=m1&udate=Sat May 02 17:04:37 KST 2020
아들 도키오(블랙 앤 화이트 89),히가시노 게이고,비채,2020.04.30,"13,050원(-10%)",http://book.naver.com/bookdb/book_detail.nhn?bid=16343497,https://bookthumb-phinf.pstatic.net/cover/163/434/16343497.jpg?type=m1&udate=Sat May 02 17:04:37 KST 2020
별들의 노래,김성일,알마,2020.04.30,"10,800원(-10%)",http://book.naver.com/bookdb/book_detail.nhn?bid=16343977,https://bookthumb-phinf.pstatic.net/cover/163/439/16343977.jpg?type=m1&udate=Sat May 02 17:04:38 KST 2020
뿌리 없는 별들,은림,알마,2020.04.30,"10,800원(-10%)",http://book.naver.com/bookdb/book_detail.nhn?bid=16343972,https://bookthumb-phinf.pstatic.net/cover/163/439/16343972.jpg?type=m1&udate=Sat May 02 17:04:38 KST 2020
우주아이돌 해방작전,손지상,그래비티북스,2020.04.30,"12,600원(-10%)",http://book.naver.com/bookdb/book_detail.nhn?bid=16345363,https://bookthumb-phinf.pstatic.net/cover/163/453/16345363.jpg?type=m1&udate=Sat May 02 17:04:38 KST 2020
우아한 야만의 바다 세트(전2권),틸다킴,퀸즈셀렉션,2020.04.29,"20,700원(-10%)",http://book.naver.com/bookdb/book_detail.nhn?bid=16324215,https://ssl.pstatic.net/static/book/image/juvenile_pest_82X116.gif&udate=Sat May 02 17:04:38 KST 2020
아는 사람만 아는 배우 공상표의 필모그래피(오늘의 젊은 작가 26)(양장본 HardCover),김병운,민음사,2020.04.29,"12,600원(-10%)",http://book.naver.com/bookdb/book_detail.nhn?bid=16345580,https://bookthumb-phinf.pstatic.net/cover/163/455/16345580.jpg?type=m1&udate=Sat May 02 17:04:38 KST 2020
적절한 균형(아시아 문학선 3),로힌턴 미스트리,아시아,2020.04.29,"25,200원(-10%)",http://book.naver.com/bookdb/book_detail.nhn?bid=16345567,https://bookthumb-phinf.pstatic.net/cover/163/455/16345567.jpg?type=m1&udate=Sat May 02 17:04:38 KST 2020
리그 오브 레전드: 공식 스토리북,라이엇 게임즈,제우미디어,2020.04.29,"26,820원(-10%)",http://book.naver.com/bookdb/book_detail.nhn?bid=16340081,https://bookthumb-phinf.pstatic.net/cover/163/400/16340081.jpg?type=m1&udate=Sat May 02 17:04:38 KST 2020
브라질의 하룻밤,문희,예원북스,2020.04.29,"8,100원(-10%)",http://book.naver.com/bookdb/book_detail.nhn?bid=16340377,https://ssl.pstatic.net/static/book/image/juvenile_pest_82X116.gif&udate=Sat May 02 17:04:38 KST 2020
"따뜻하게, 다시 1",채현진,플레이블(예원북스),2020.04.29,"10,800원(-10%)",http://book.naver.com/bookdb/book_detail.nhn?bid=16313196,https://bookthumb-phinf.pstatic.net/cover/163/131/16313196.jpg?type=m1&udate=Sat May 02 17:04:38 KST 2020
마당을 나온 암탉(출간 20주년 특별판),황선미,사계절,2020.04.29,"13,500원(-10%)",http://book.naver.com/bookdb/book_detail.nhn?bid=16342095,https://bookthumb-phinf.pstatic.net/cover/163/420/16342095.jpg?type=m1&udate=Sat May 02 17:04:38 KST 2020
"따뜻하게, 다시 2",채현진,플레이블(예원북스),2020.04.29,"10,800원(-10%)",http://book.naver.com/bookdb/book_detail.nhn?bid=16313201,https://bookthumb-phinf.pstatic.net/cover/163/132/16313201.jpg?type=m1&udate=Sat May 02 17:04:38 KST 2020
악녀 카루나가 작아졌어요 4,문이경,동아,2020.04.29,"10,800원(-10%)",http://book.naver.com/bookdb/book_detail.nhn?bid=16339219,https://bookthumb-phinf.pstatic.net/cover/163/392/16339219.jpg?type=m1&udate=Sat May 02 17:04:38 KST 2020
빛의 아이들 2,최승주,지식과감성,2020.04.29,"12,420원(-10%)",http://book.naver.com/bookdb/book_detail.nhn?bid=16342197,https://bookthumb-phinf.pstatic.net/cover/163/421/16342197.jpg?type=m1&udate=Sat May 02 17:04:38 KST 2020
우아한 야만의 바다 1,틸다킴,퀸즈셀렉션,2020.04.29,"10,350원(-10%)",http://book.naver.com/bookdb/book_detail.nhn?bid=16324217,https://ssl.pstatic.net/static/book/image/juvenile_pest_82X116.gif&udate=Sat May 02 17:04:38 KST 2020
이세계 내가 가봤는데 별거 없더라. 13,현철,파피루스,2020.04.29,"7,200원(-10%)",http://book.naver.com/bookdb/book_detail.nhn?bid=16345778,https://bookthumb-phinf.pstatic.net/cover/163/457/16345778.jpg?type=m1&udate=Sat May 02 17:04:38 KST 2020
금색야차(하)(가천대학교 아시아문화연구소 5),오자키 고요,역락,2020.04.29,"14,400원(-10%)",http://book.naver.com/bookdb/book_detail.nhn?bid=16345488,https://bookthumb-phinf.pstatic.net/cover/163/454/16345488.jpg?type=m1&udate=Sat May 02 17:04:38 KST 2020
아이젠,김남숙,문학동네,2020.04.29,"12,150원(-10%)",http://book.naver.com/bookdb/book_detail.nhn?bid=16343921,https://bookthumb-phinf.pstatic.net/cover/163/439/16343921.jpg?type=m1&udate=Sat May 02 17:04:38 KST 2020
우아한 야만의 바다 2,틸다킴,퀸즈셀렉션,2020.04.29,"10,350원(-10%)",http://book.naver.com/bookdb/book_detail.nhn?bid=16324218,https://ssl.pstatic.net/static/book/image/juvenile_pest_82X116.gif&udate=Sat May 02 17:04:38 KST 2020
이세계 내가 가봤는데 별거 없더라. 14,현철,파피루스,2020.04.29,"7,200원(-10%)",http://book.naver.com/bookdb/book_detail.nhn?bid=16345779,https://bookthumb-phinf.pstatic.net/cover/163/457/16345779.jpg?type=m1&udate=Sat May 02 17:04:38 KST 2020
"어쨌거나, 청춘 4",이보람,교보문고,2020.04.29,"12,600원(-10%)",http://book.naver.com/bookdb/book_detail.nhn?bid=16344543,https://bookthumb-phinf.pstatic.net/cover/163/445/16344543.jpg?type=m1&udate=Sat May 02 17:04:38 KST 2020
"따뜻하게, 다시 세트(전2권)",채현진,플레이블(예원북스),2020.04.29,"21,600원(-10%)",http://book.naver.com/bookdb/book_detail.nhn?bid=16313203,https://bookthumb-phinf.pstatic.net/cover/163/132/16313203.jpg?type=m1&udate=Sat May 02 17:04:38 KST 2020
"젊은이들의 흑마법 기피가 심각합니다만, 취직해보니 대우도 좋고 사장도 사역마도 귀여워서 최고입니다!.",모리타 키세츠,소미미디어,2020.04.29,"6,300원(-10%)",http://book.naver.com/bookdb/book_detail.nhn?bid=16345862,https://bookthumb-phinf.pstatic.net/cover/163/458/16345862.jpg?type=m1&udate=Sat May 02 17:04:38 KST 2020
언니가 남자 주인공을 주워 왔다 4,문시현,에이템포미디어,2020.04.28,"11,250원(-10%)",http://book.naver.com/bookdb/book_detail.nhn?bid=16326860,https://bookthumb-phinf.pstatic.net/cover/163/268/16326860.jpg?type=m1&udate=Sat May 02 17:04:38 KST 2020
언니가 남자 주인공을 주워 왔다 5,문시현,에이템포미디어,2020.04.28,"11,250원(-10%)",http://book.naver.com/bookdb/book_detail.nhn?bid=16326861,https://bookthumb-phinf.pstatic.net/cover/163/268/16326861.jpg?type=m1&udate=Sat May 02 17:04:38 KST 2020
재벌을 넘어 귀족으로. 9,푸달,영상출판미디어(영상노트),2020.04.28,"7,200원(-10%)",http://book.naver.com/bookdb/book_detail.nhn?bid=16344574,https://bookthumb-phinf.pstatic.net/cover/163/445/16344574.jpg?type=m1&udate=Sat May 02 17:04:38 KST 2020
그랜드 마스터 회귀하다. 12,날망,영상출판미디어(영상노트),2020.04.28,"7,200원(-10%)",http://book.naver.com/bookdb/book_detail.nhn?bid=16344576,https://bookthumb-phinf.pstatic.net/cover/163/445/16344576.jpg?type=m1&udate=Sat May 02 17:04:38 KST 2020
언제까지나 쇼팽(양장본 HardCover),나카야마 시치리,블루홀식스(블루홀6),2020.04.28,"14,400원(-10%)",http://book.naver.com/bookdb/book_detail.nhn?bid=16340071,https://bookthumb-phinf.pstatic.net/cover/163/400/16340071.jpg?type=m1&udate=Sat May 02 17:04:38 KST 2020
언니가 남자 주인공을 주워 왔다 세트(한정판)(전5권),문시현,에이템포미디어,2020.04.28,null,http://book.naver.com/bookdb/book_detail.nhn?bid=16326862,https://bookthumb-phinf.pstatic.net/cover/163/268/16326862.jpg?type=m1&udate=Sat May 02 17:04:38 KST 2020
가룟 유다(지식을만드는지식 소설선집),레오니트 안드레예프,지식을만드는지식,2020.04.28,"11,520원(-10%)",http://book.naver.com/bookdb/book_detail.nhn?bid=16341118,https://bookthumb-phinf.pstatic.net/cover/163/411/16341118.jpg?type=m1&udate=Sat May 02 17:04:38 KST 2020
재혼 황후 3,알파타르트,해피북스투유,2020.04.28,"12,600원(-10%)",http://book.naver.com/bookdb/book_detail.nhn?bid=16330680,https://bookthumb-phinf.pstatic.net/cover/163/306/16330680.jpg?type=m1&udate=Sat May 02 17:04:38 KST 2020
언니가 남자 주인공을 주워 왔다 1,문시현,에이템포미디어,2020.04.28,"11,250원(-10%)",http://book.naver.com/bookdb/book_detail.nhn?bid=16326855,https://bookthumb-phinf.pstatic.net/cover/163/268/16326855.jpg?type=m1&udate=Sat May 02 17:04:38 KST 2020
당인리 : 대정전 후 두 시간,우석훈,해피북스투유,2020.04.28,"12,420원(-10%)",http://book.naver.com/bookdb/book_detail.nhn?bid=16341626,https://bookthumb-phinf.pstatic.net/cover/163/416/16341626.jpg?type=m1&udate=Sat May 02 17:04:38 KST 2020
언니가 남자 주인공을 주워 왔다 2,문시현,에이템포미디어,2020.04.28,"11,250원(-10%)",http://book.naver.com/bookdb/book_detail.nhn?bid=16326858,https://bookthumb-phinf.pstatic.net/cover/163/268/16326858.jpg?type=m1&udate=Sat May 02 17:04:38 KST 2020
피와 뼈 3,김성모,우주미디어,2020.04.28,"5,400원(-10%)",http://book.naver.com/bookdb/book_detail.nhn?bid=16345352,https://ssl.pstatic.net/static/book/image/juvenile_pest_82X116.gif&udate=Sat May 02 17:04:38 KST 2020
동상기(지식을만드는지식 소설선집),청옥당,지식을만드는지식,2020.04.28,"11,520원(-10%)",http://book.naver.com/bookdb/book_detail.nhn?bid=16341120,https://bookthumb-phinf.pstatic.net/cover/163/411/16341120.jpg?type=m1&udate=Sat May 02 17:04:38 KST 2020
언니가 남자 주인공을 주워 왔다 3,문시현,에이템포미디어,2020.04.28,"11,250원(-10%)",http://book.naver.com/bookdb/book_detail.nhn?bid=16326859,https://bookthumb-phinf.pstatic.net/cover/163/268/16326859.jpg?type=m1&udate=Sat May 02 17:04:38 KST 2020
피와 뼈 4,김성모,우주미디어,2020.04.28,"5,400원(-10%)",http://book.naver.com/bookdb/book_detail.nhn?bid=16345353,https://ssl.pstatic.net/static/book/image/juvenile_pest_82X116.gif&udate=Sat May 02 17:04:38 KST 2020
신은 말하지 않는다,전수일,청어,2020.04.28,"11,700원(-10%)",http://book.naver.com/bookdb/book_detail.nhn?bid=16341133,https://bookthumb-phinf.pstatic.net/cover/163/411/16341133.jpg?type=m1&udate=Sat May 02 17:04:38 KST 2020
동물원 옆 미술관,송지성,마롱,2020.04.27,"8,100원(-10%)",http://book.naver.com/bookdb/book_detail.nhn?bid=16338572,https://bookthumb-phinf.pstatic.net/cover/163/385/16338572.jpg?type=m1&udate=Sat May 02 17:04:38 KST 2020
템빨. 48,박새날,마루&마야,2020.04.27,"7,200원(-10%)",http://book.naver.com/bookdb/book_detail.nhn?bid=16344389,https://bookthumb-phinf.pstatic.net/cover/163/443/16344389.jpg?type=m1&udate=Sat May 02 17:04:38 KST 2020
악역 영애이기 때문에 최종 보스를 길러보았습니다. 4(J노블 퍼플(J Novel Purple)),나가세 사라사,서울미디어코믹스(서울문화사),2020.04.27,"6,300원(-10%)",http://book.naver.com/bookdb/book_detail.nhn?bid=16342041,https://bookthumb-phinf.pstatic.net/cover/163/420/16342041.jpg?type=m1&udate=Sat May 02 17:04:39 KST 2020
"빵과 수프, 고양이와 함께하기 좋은 날 : 하나",무레 요코 저,북포레스트,2020.04.27,"11,700원(-10%)",http://book.naver.com/bookdb/book_detail.nhn?bid=16341495,https://bookthumb-phinf.pstatic.net/cover/163/414/16341495.jpg?type=m1&udate=Sat May 02 17:04:39 KST 2020
하쿠바산장 살인사건,히가시노 게이고,알에이치코리아,2020.04.27,"14,220원(-10%)",http://book.naver.com/bookdb/book_detail.nhn?bid=16344008,https://bookthumb-phinf.pstatic.net/cover/163/440/16344008.jpg?type=m1&udate=Sat May 02 17:04:39 KST 2020
"빵과 수프, 고양이와 함께하기 좋은 날 : 둘",무레 요코 저,북포레스트,2020.04.27,"11,700원(-10%)",http://book.naver.com/bookdb/book_detail.nhn?bid=16341496,https://bookthumb-phinf.pstatic.net/cover/163/414/16341496.jpg?type=m1&udate=Sat May 02 17:04:39 KST 2020
바가난은 어디에 있나?,안니 겔프하르 외,북팟,2020.04.27,"11,000원",http://book.naver.com/bookdb/book_detail.nhn?bid=16344023,https://bookthumb-phinf.pstatic.net/cover/163/440/16344023.jpg?type=m1&udate=Sat May 02 17:04:39 KST 2020
밥만 먹고 레벨업. 7,박민규,위시북스,2020.04.27,"7,200원(-10%)",http://book.naver.com/bookdb/book_detail.nhn?bid=16344383,https://bookthumb-phinf.pstatic.net/cover/163/443/16344383.jpg?type=m1&udate=Sat May 02 17:04:39 KST 2020
천재들의 고양이,진주현,꿈공장플러스,2020.04.27,"11,700원(-10%)",http://book.naver.com/bookdb/book_detail.nhn?bid=16329340,https://bookthumb-phinf.pstatic.net/cover/163/293/16329340.jpg?type=m1&udate=Sat May 02 17:04:39 KST 2020
위험천만한 연애 1,이지연,테라스북,2020.04.27,"12,420원(-10%)",http://book.naver.com/bookdb/book_detail.nhn?bid=16302509,https://bookthumb-phinf.pstatic.net/cover/163/025/16302509.jpg?type=m1&udate=Sat May 02 17:04:39 KST 2020
유리구두가 깨지면,이혜위,동아,2020.04.27,"9,900원(-10%)",http://book.naver.com/bookdb/book_detail.nhn?bid=16338748,https://ssl.pstatic.net/static/book/image/juvenile_pest_82X116.gif&udate=Sat May 02 17:04:39 KST 2020
노멀 피플,샐리 루니,아르테(arte),2020.04.27,"12,600원(-10%)",http://book.naver.com/bookdb/book_detail.nhn?bid=16339250,https://bookthumb-phinf.pstatic.net/cover/163/392/16339250.jpg?type=m1&udate=Sat May 02 17:04:39 KST 2020
무공을 배우다. 11,목마,위시북스,2020.04.27,"7,200원(-10%)",http://book.naver.com/bookdb/book_detail.nhn?bid=16344384,https://bookthumb-phinf.pstatic.net/cover/163/443/16344384.jpg?type=m1&udate=Sat May 02 17:04:39 KST 2020
재령,윤보인,나무옆의자,2020.04.27,"11,700원(-10%)",http://book.naver.com/bookdb/book_detail.nhn?bid=16338546,https://bookthumb-phinf.pstatic.net/cover/163/385/16338546.jpg?type=m1&udate=Sat May 02 17:04:39 KST 2020
두 개의 장벽,레나테 아렌스,꿈꾸다,2020.04.27,"10,800원(-10%)",http://book.naver.com/bookdb/book_detail.nhn?bid=16339232,https://bookthumb-phinf.pstatic.net/cover/163/392/16339232.jpg?type=m1&udate=Sat May 02 17:04:39 KST 2020
위험천만한 연애 2,이지연,테라스북,2020.04.27,"12,420원(-10%)",http://book.naver.com/bookdb/book_detail.nhn?bid=16302510,https://bookthumb-phinf.pstatic.net/cover/163/025/16302510.jpg?type=m1&udate=Sat May 02 17:04:39 KST 2020
마왕성 플레이어. 13,트레샤,위시북스,2020.04.27,"7,200원(-10%)",http://book.naver.com/bookdb/book_detail.nhn?bid=16344385,https://bookthumb-phinf.pstatic.net/cover/163/443/16344385.jpg?type=m1&udate=Sat May 02 17:04:39 KST 2020
플로리다,로런 그로프,문학동네,2020.04.27,"13,050원(-10%)",http://book.naver.com/bookdb/book_detail.nhn?bid=16341091,https://bookthumb-phinf.pstatic.net/cover/163/410/16341091.jpg?type=m1&udate=Sat May 02 17:04:39 KST 2020
떠도는 땅,김숨,은행나무,2020.04.27,"12,150원(-10%)",http://book.naver.com/bookdb/book_detail.nhn?bid=16343500,https://bookthumb-phinf.pstatic.net/cover/163/435/16343500.jpg?type=m1&udate=Sat May 02 17:04:39 KST 2020
위험천만한 연애 세트,이지연,테라스북,2020.04.27,"24,840원(-10%)",http://book.naver.com/bookdb/book_detail.nhn?bid=16302511,https://bookthumb-phinf.pstatic.net/cover/163/025/16302511.jpg?type=m1&udate=Sat May 02 17:04:39 KST 2020
"헌터님, 혹시 양아치세요?. 1",구노뇽,파피루스,2020.04.27,"7,200원(-10%)",http://book.naver.com/bookdb/book_detail.nhn?bid=16344386,https://bookthumb-phinf.pstatic.net/cover/163/443/16344386.jpg?type=m1&udate=Sat May 02 17:04:39 KST 2020
울랄라 가족,김상하,창해,2020.04.27,"13,500원(-10%)",http://book.naver.com/bookdb/book_detail.nhn?bid=16329568,https://bookthumb-phinf.pstatic.net/cover/163/295/16329568.jpg?type=m1&udate=Sat May 02 17:04:39 KST 2020
"헌터님, 혹시 양아치세요?. 2",구노뇽,파피루스,2020.04.27,"7,200원(-10%)",http://book.naver.com/bookdb/book_detail.nhn?bid=16344387,https://bookthumb-phinf.pstatic.net/cover/163/443/16344387.jpg?type=m1&udate=Sat May 02 17:04:40 KST 2020
분리된 기억의 세계,고바야시 야스미,하빌리스,2020.04.25,"13,050원(-10%)",http://book.naver.com/bookdb/book_detail.nhn?bid=16338268,https://bookthumb-phinf.pstatic.net/cover/163/382/16338268.jpg?type=m1&udate=Sat May 02 17:04:40 KST 2020
우리는 시벨리우스공화국에서 만난다,박승오,문예바다,2020.04.25,"10,800원(-10%)",http://book.naver.com/bookdb/book_detail.nhn?bid=16338341,https://bookthumb-phinf.pstatic.net/cover/163/383/16338341.jpg?type=m1&udate=Sat May 02 17:04:40 KST 2020
베르가모의 페스트 외(양장본 HardCover),옌스 페테르 야콥센,열린책들,2020.04.25,"10,620원(-10%)",http://book.naver.com/bookdb/book_detail.nhn?bid=16338641,https://bookthumb-phinf.pstatic.net/cover/163/386/16338641.jpg?type=m1&udate=Sat May 02 17:04:40 KST 2020
시하와 칸타의 장: 마트 이야기(현대문학 핀 시리즈 소설선 25)(양장본 HardCover),이영도,현대문학,2020.04.25,"11,700원(-10%)",http://book.naver.com/bookdb/book_detail.nhn?bid=16343459,https://bookthumb-phinf.pstatic.net/cover/163/434/16343459.jpg?type=m1&udate=Sat May 02 17:04:40 KST 2020
"빌바오, 3월의 눈",김경순,문학수첩,2020.04.25,"10,800원(-10%)",http://book.naver.com/bookdb/book_detail.nhn?bid=16339242,https://bookthumb-phinf.pstatic.net/cover/163/392/16339242.jpg?type=m1&udate=Sat May 02 17:04:40 KST 2020
셜록홈즈 베스트 단편선,아서 코난 도일,브라운힐,2020.04.25,"15,300원(-10%)",http://book.naver.com/bookdb/book_detail.nhn?bid=16344415,https://bookthumb-phinf.pstatic.net/cover/163/444/16344415.jpg?type=m1&udate=Sat May 02 17:04:40 KST 2020
바다의 일꾼들(지식을만드는지식 원서발췌),빅토르 위고,지식을만드는지식,2020.04.25,"8,820원(-10%)",http://book.naver.com/bookdb/book_detail.nhn?bid=16341114,https://bookthumb-phinf.pstatic.net/cover/163/411/16341114.jpg?type=m1&udate=Sat May 02 17:04:40 KST 2020
농담을 싫어하는 사람들,정지돈,마음산책,2020.04.25,"12,600원(-10%)",http://book.naver.com/bookdb/book_detail.nhn?bid=16328698,https://bookthumb-phinf.pstatic.net/cover/163/286/16328698.jpg?type=m1&udate=Sat May 02 17:04:40 KST 2020
일본 민담집,미야자와 겐지,MKDAYS,2020.04.25,null,http://book.naver.com/bookdb/book_detail.nhn?bid=16344725,https://bookthumb-phinf.pstatic.net/cover/163/447/16344725.jpg?type=m1&udate=Sat May 02 17:04:40 KST 2020
사랑은 구름 속에서(할리퀸 로맨스 HR 280),페니 조던,신영미디어,2020.04.24,"4,680원(-10%)",http://book.naver.com/bookdb/book_detail.nhn?bid=16329654,https://bookthumb-phinf.pstatic.net/cover/163/296/16329654.jpg?type=m1&udate=Sat May 02 17:04:40 KST 2020
평지에 뜨는 달,아사쿠사 가스미 저,직선과곡선,2020.04.24,"12,600원(-10%)",http://book.naver.com/bookdb/book_detail.nhn?bid=16339896,https://bookthumb-phinf.pstatic.net/cover/163/398/16339896.jpg?type=m1&udate=Sat May 02 17:04:40 KST 2020
빙의 검신. 13(완결),서준백,로크미디어,2020.04.24,"7,200원(-10%)",http://book.naver.com/bookdb/book_detail.nhn?bid=16343918,https://bookthumb-phinf.pstatic.net/cover/163/439/16343918.jpg?type=m1&udate=Sat May 02 17:04:40 KST 2020
"5월 18일, 잠수함 토끼 드림(우리학교 소설 읽는 시간)",박효명,우리학교,2020.04.24,"11,700원(-10%)",http://book.naver.com/bookdb/book_detail.nhn?bid=16341948,https://bookthumb-phinf.pstatic.net/cover/163/419/16341948.jpg?type=m1&udate=Sat May 02 17:04:40 KST 2020
대한민국의 몰락과 부활. 1,박인걸,북랩,2020.04.24,"13,320원(-10%)",http://book.naver.com/bookdb/book_detail.nhn?bid=16340080,https://bookthumb-phinf.pstatic.net/cover/163/400/16340080.jpg?type=m1&udate=Sat May 02 17:04:40 KST 2020
선켄락 3,Boichi 글그림,메모리얼북스,2020.04.24,"5,400원(-10%)",http://book.naver.com/bookdb/book_detail.nhn?bid=16338762,https://ssl.pstatic.net/static/book/image/juvenile_pest_82X116.gif&udate=Sat May 02 17:04:40 KST 2020
소년이 온다 특별한정판(양장),한강,창비,2020.04.24,"11,700원(-10%)",http://book.naver.com/bookdb/book_detail.nhn?bid=16343976,https://bookthumb-phinf.pstatic.net/cover/163/439/16343976.jpg?type=m1&udate=Sat May 02 17:04:40 KST 2020
밑 빠진 용병대에 돈 붓기 1,체셔냐옹,동아,2020.04.24,"10,800원(-10%)",http://book.naver.com/bookdb/book_detail.nhn?bid=16338765,https://bookthumb-phinf.pstatic.net/cover/163/387/16338765.jpg?type=m1&udate=Sat May 02 17:04:40 KST 2020
사랑하는 나의 도시,조영지,바른북스,2020.04.24,"12,510원(-10%)",http://book.naver.com/bookdb/book_detail.nhn?bid=16339940,https://bookthumb-phinf.pstatic.net/cover/163/399/16339940.jpg?type=m1&udate=Sat May 02 17:04:40 KST 2020
밑 빠진 용병대에 돈 붓기 2,체셔냐옹,동아,2020.04.24,"10,800원(-10%)",http://book.naver.com/bookdb/book_detail.nhn?bid=16338766,https://bookthumb-phinf.pstatic.net/cover/163/387/16338766.jpg?type=m1&udate=Sat May 02 17:04:40 KST 2020
청소년을 위한 고전 소설 에세이,류수열,해냄출판사,2020.04.24,"14,220원(-10%)",http://book.naver.com/bookdb/book_detail.nhn?bid=16340068,https://bookthumb-phinf.pstatic.net/cover/163/400/16340068.jpg?type=m1&udate=Sat May 02 17:04:41 KST 2020
권력의 가문 메디치 1,마테오 스트루쿨,메디치미디어,2020.04.24,"13,500원(-10%)",http://book.naver.com/bookdb/book_detail.nhn?bid=16329334,https://bookthumb-phinf.pstatic.net/cover/163/293/16329334.jpg?type=m1&udate=Sat May 02 17:04:41 KST 2020
밤의 책,실비 제르맹,문학동네,2020.04.24,"14,220원(-10%)",http://book.naver.com/bookdb/book_detail.nhn?bid=16340909,https://bookthumb-phinf.pstatic.net/cover/163/409/16340909.jpg?type=m1&udate=Sat May 02 17:04:41 KST 2020
"안녕, 아빠! 여기는 지구",크리스타 반 돌처,푸른숲주니어,2020.04.24,"9,000원(-10%)",http://book.naver.com/bookdb/book_detail.nhn?bid=16341287,https://bookthumb-phinf.pstatic.net/cover/163/412/16341287.jpg?type=m1&udate=Sat May 02 17:04:41 KST 2020
권력의 가문 메디치 2,마테오 스트루쿨,메디치미디어,2020.04.24,"13,500원(-10%)",http://book.naver.com/bookdb/book_detail.nhn?bid=16329335,https://bookthumb-phinf.pstatic.net/cover/163/293/16329335.jpg?type=m1&udate=Sat May 02 17:04:41 KST 2020
스페셜원. 8,스틸펜,청어람,2020.04.24,"7,200원(-10%)",http://book.naver.com/bookdb/book_detail.nhn?bid=16341967,https://bookthumb-phinf.pstatic.net/cover/163/419/16341967.jpg?type=m1&udate=Sat May 02 17:04:41 KST 2020
권력의 가문 메디치 3,마테오 스트루쿨,메디치미디어,2020.04.24,"13,500원(-10%)",http://book.naver.com/bookdb/book_detail.nhn?bid=16329336,https://bookthumb-phinf.pstatic.net/cover/163/293/16329336.jpg?type=m1&udate=Sat May 02 17:04:41 KST 2020
모래 별 쏟아지는 밤(할리퀸 로맨스 HR 277),캐롤 마리넬리,신영미디어,2020.04.24,"4,680원(-10%)",http://book.naver.com/bookdb/book_detail.nhn?bid=16329647,https://bookthumb-phinf.pstatic.net/cover/163/296/16329647.jpg?type=m1&udate=Sat May 02 17:04:41 KST 2020
사자와 생쥐가 한 번도 생각 못 한 것들,전김해,지식과감성,2020.04.24,"10,800원(-10%)",http://book.naver.com/bookdb/book_detail.nhn?bid=16342093,https://bookthumb-phinf.pstatic.net/cover/163/420/16342093.jpg?type=m1&udate=Sat May 02 17:04:41 KST 2020
억만장자 길들이기(할리퀸 로맨스 HR 278),미랜다 리,신영미디어,2020.04.24,"4,680원(-10%)",http://book.naver.com/bookdb/book_detail.nhn?bid=16329650,https://bookthumb-phinf.pstatic.net/cover/163/296/16329650.jpg?type=m1&udate=Sat May 02 17:04:41 KST 2020
예민한 주리가 사는 법,윤정,국학자료원,2020.04.24,"11,250원(-10%)",http://book.naver.com/bookdb/book_detail.nhn?bid=16342094,https://bookthumb-phinf.pstatic.net/cover/163/420/16342094.jpg?type=m1&udate=Sat May 02 17:04:41 KST 2020
모두가 해피엔딩(할리퀸 로맨스 HR 279),캣 쉴드,신영미디어,2020.04.24,"4,680원(-10%)",http://book.naver.com/bookdb/book_detail.nhn?bid=16329653,https://ssl.pstatic.net/static/book/image/juvenile_pest_82X116.gif&udate=Sat May 02 17:04:41 KST 2020
소용돌이 안내소(가마쿠라)(반양장),아오야마 미치코,직선과곡선,2020.04.24,"13,500원(-10%)",http://book.naver.com/bookdb/book_detail.nhn?bid=16339543,https://bookthumb-phinf.pstatic.net/cover/163/395/16339543.jpg?type=m1&udate=Sat May 02 17:04:41 KST 2020
환생무신. 9,김신,로크미디어,2020.04.24,"7,200원(-10%)",http://book.naver.com/bookdb/book_detail.nhn?bid=16343917,https://bookthumb-phinf.pstatic.net/cover/163/439/16343917.jpg?type=m1&udate=Sat May 02 17:04:41 KST 2020
조선남자 7,K. 석우,어울림출판사,2020.04.23,"7,200원(-10%)",http://book.naver.com/bookdb/book_detail.nhn?bid=16330842,https://bookthumb-phinf.pstatic.net/cover/163/308/16330842.jpg?type=m1&udate=Sat May 02 17:04:41 KST 2020
그 헌터의 자취방 3,황금타조,마야&마루,2020.04.23,"7,200원(-10%)",http://book.naver.com/bookdb/book_detail.nhn?bid=16341301,https://bookthumb-phinf.pstatic.net/cover/163/413/16341301.jpg?type=m1&udate=Sat May 02 17:04:41 KST 2020
연예계 엑스트라. 3,왕십리글쟁이,로크미디어,2020.04.23,"7,200원(-10%)",http://book.naver.com/bookdb/book_detail.nhn?bid=16342239,https://bookthumb-phinf.pstatic.net/cover/163/422/16342239.jpg?type=m1&udate=Sat May 02 17:04:41 KST 2020
회귀하여 90년대 톱스타되기 8,의향도,어울림출판사,2020.04.23,"7,200원(-10%)",http://book.naver.com/bookdb/book_detail.nhn?bid=16330843,https://bookthumb-phinf.pstatic.net/cover/163/308/16330843.jpg?type=m1&udate=Sat May 02 17:04:41 KST 2020
유물 먹는 헌터 4,화운,마야&마루,2020.04.23,"7,200원(-10%)",http://book.naver.com/bookdb/book_detail.nhn?bid=16341302,https://bookthumb-phinf.pstatic.net/cover/163/413/16341302.jpg?type=m1&udate=Sat May 02 17:04:41 KST 2020
회귀했더니 입대 전날. 8,에바트리체,로크미디어,2020.04.23,"7,200원(-10%)",http://book.naver.com/bookdb/book_detail.nhn?bid=16342240,https://bookthumb-phinf.pstatic.net/cover/163/422/16342240.jpg?type=m1&udate=Sat May 02 17:04:41 KST 2020
공작가의 집사. 9,레옐,영상출판미디어(영상노트),2020.04.23,"7,200원(-10%)",http://book.naver.com/bookdb/book_detail.nhn?bid=16341087,https://bookthumb-phinf.pstatic.net/cover/163/410/16341087.jpg?type=m1&udate=Sat May 02 17:04:41 KST 2020
위대한 개츠비(미니북),F. 스콧 피츠제럴드,자화상,2020.04.23,"5,310원(-10%)",http://book.naver.com/bookdb/book_detail.nhn?bid=16338316,https://bookthumb-phinf.pstatic.net/cover/163/383/16338316.jpg?type=m1&udate=Sat May 02 17:04:41 KST 2020
황태자비의 남자,진숙,봄미디어,2020.04.23,"10,800원(-10%)",http://book.naver.com/bookdb/book_detail.nhn?bid=16331788,https://bookthumb-phinf.pstatic.net/cover/163/317/16331788.jpg?type=m1&udate=Sat May 02 17:04:41 KST 2020
특성스킬 저승사자 8/완결,고랭지,영상출판미디어(영상노트),2020.04.23,"7,200원(-10%)",http://book.naver.com/bookdb/book_detail.nhn?bid=16341088,https://bookthumb-phinf.pstatic.net/cover/163/410/16341088.jpg?type=m1&udate=Sat May 02 17:04:41 KST 2020
얼굴이 사라진 밤,루이즈 젠슨,교보문고,2020.04.23,"13,320원(-10%)",http://book.naver.com/bookdb/book_detail.nhn?bid=16339540,https://bookthumb-phinf.pstatic.net/cover/163/395/16339540.jpg?type=m1&udate=Sat May 02 17:04:41 KST 2020
망작의 삼공자로 사는법 3,청라,파피루스,2020.04.23,"7,200원(-10%)",http://book.naver.com/bookdb/book_detail.nhn?bid=16341290,https://bookthumb-phinf.pstatic.net/cover/163/412/16341290.jpg?type=m1&udate=Sat May 02 17:04:41 KST 2020
두 번 사는 프로게이머 4,지언,파피루스,2020.04.23,"7,200원(-10%)",http://book.naver.com/bookdb/book_detail.nhn?bid=16341291,https://bookthumb-phinf.pstatic.net/cover/163/412/16341291.jpg?type=m1&udate=Sat May 02 17:04:41 KST 2020
신이 내린 방송천재 7,JHK서랍,파피루스,2020.04.23,"7,200원(-10%)",http://book.naver.com/bookdb/book_detail.nhn?bid=16341293,https://bookthumb-phinf.pstatic.net/cover/163/412/16341293.jpg?type=m1&udate=Sat May 02 17:04:41 KST 2020
족구의 풍경,오수완,위즈덤하우스,2020.04.23,"11,700원(-10%)",http://book.naver.com/bookdb/book_detail.nhn?bid=16339548,https://bookthumb-phinf.pstatic.net/cover/163/395/16339548.jpg?type=m1&udate=Sat May 02 17:04:41 KST 2020
왕은 돈이 고프다 4,철판코기,어울림,2020.04.23,"7,200원(-10%)",http://book.naver.com/bookdb/book_detail.nhn?bid=16341296,https://bookthumb-phinf.pstatic.net/cover/163/412/16341296.jpg?type=m1&udate=Sat May 02 17:04:41 KST 2020
"마졸, 빙의빨로 천마지존 3",문지기,어울림,2020.04.23,"7,200원(-10%)",http://book.naver.com/bookdb/book_detail.nhn?bid=16341298,https://bookthumb-phinf.pstatic.net/cover/163/412/16341298.jpg?type=m1&udate=Sat May 02 17:04:41 KST 2020
전생검신. 60,구로수번,루트북스,2020.04.23,"7,200원(-10%)",http://book.naver.com/bookdb/book_detail.nhn?bid=16341300,https://bookthumb-phinf.pstatic.net/cover/163/413/16341300.jpg?type=m1&udate=Sat May 02 17:04:41 KST 2020
심야 비서 1,미몽,마야마루출판사,2020.04.22,"8,100원(-10%)",http://book.naver.com/bookdb/book_detail.nhn?bid=16330341,https://ssl.pstatic.net/static/book/image/juvenile_pest_82X116.gif&udate=Sat May 02 17:04:41 KST 2020
뮬란 새로운 여정(디즈니 오리지널 노블),엘리자베스 림,라곰,2020.04.22,"14,220원(-10%)",http://book.naver.com/bookdb/book_detail.nhn?bid=16330654,https://bookthumb-phinf.pstatic.net/cover/163/306/16330654.jpg?type=m1&udate=Sat May 02 17:04:41 KST 2020
소설 예수 1,윤석철,나남,2020.04.22,"13,320원(-10%)",http://book.naver.com/bookdb/book_detail.nhn?bid=16320976,https://bookthumb-phinf.pstatic.net/cover/163/209/16320976.jpg?type=m1&udate=Sat May 02 17:04:41 KST 2020
심야 비서 2/완결,미몽,마야마루출판사,2020.04.22,"8,100원(-10%)",http://book.naver.com/bookdb/book_detail.nhn?bid=16330343,https://ssl.pstatic.net/static/book/image/juvenile_pest_82X116.gif&udate=Sat May 02 17:04:41 KST 2020
천마를 삼켰다 10,Stag,파피루스(디앤씨미디어),2020.04.22,"7,200원(-10%)",http://book.naver.com/bookdb/book_detail.nhn?bid=16340889,https://bookthumb-phinf.pstatic.net/cover/163/408/16340889.jpg?type=m1&udate=Sat May 02 17:04:41 KST 2020
당신의 매니저 11/완결,몽계,파피루스(디앤씨미디어),2020.04.22,"7,200원(-10%)",http://book.naver.com/bookdb/book_detail.nhn?bid=16340893,https://bookthumb-phinf.pstatic.net/cover/163/408/16340893.jpg?type=m1&udate=Sat May 02 17:04:41 KST 2020
에냐도르의 전설,미라 발렌틴,사일런스북,2020.04.22,"13,320원(-10%)",http://book.naver.com/bookdb/book_detail.nhn?bid=16300101,https://bookthumb-phinf.pstatic.net/cover/163/001/16300101.jpg?type=m1&udate=Sat May 02 17:04:41 KST 2020
바다로 향하는 물고기들,시마모토 리오,해냄출판사,2020.04.22,"13,500원(-10%)",http://book.naver.com/bookdb/book_detail.nhn?bid=16331531,https://bookthumb-phinf.pstatic.net/cover/163/315/16331531.jpg?type=m1&udate=Sat May 02 17:04:41 KST 2020
"신창, 망국의 귀족이 되다 1",비도,로크미디어,2020.04.22,"7,200원(-10%)",http://book.naver.com/bookdb/book_detail.nhn?bid=16341235,https://bookthumb-phinf.pstatic.net/cover/163/412/16341235.jpg?type=m1&udate=Sat May 02 17:04:41 KST 2020
천하제일 대사형 14,북미혼,파피루스(디앤씨미디어),2020.04.22,"7,200원(-10%)",http://book.naver.com/bookdb/book_detail.nhn?bid=16340894,https://bookthumb-phinf.pstatic.net/cover/163/408/16340894.jpg?type=m1&udate=Sat May 02 17:04:41 KST 2020
"신창, 망국의 귀족이 되다 2",비도,로크미디어,2020.04.22,"7,200원(-10%)",http://book.naver.com/bookdb/book_detail.nhn?bid=16341236,https://bookthumb-phinf.pstatic.net/cover/163/412/16341236.jpg?type=m1&udate=Sat May 02 17:04:41 KST 2020
소설 예수 2,윤석철,나남,2020.04.22,"14,220원(-10%)",http://book.naver.com/bookdb/book_detail.nhn?bid=16320978,https://bookthumb-phinf.pstatic.net/cover/163/209/16320978.jpg?type=m1&udate=Sat May 02 17:04:41 KST 2020
이름 없는 고양이(양장본 HardCover),다케시타 후미코,살림,2020.04.22,"10,800원(-10%)",http://book.naver.com/bookdb/book_detail.nhn?bid=16339986,https://bookthumb-phinf.pstatic.net/cover/163/399/16339986.jpg?type=m1&udate=Sat May 02 17:04:41 KST 2020
8서클 마법사의 환생 17/완결,자리,로크미디어,2020.04.21,"7,200원(-10%)",http://book.naver.com/bookdb/book_detail.nhn?bid=16340095,https://bookthumb-phinf.pstatic.net/cover/163/400/16340095.jpg?type=m1&udate=Sat May 02 17:04:41 KST 2020
죄악의 열매,춈춈,가하,2020.04.21,"12,420원(-10%)",http://book.naver.com/bookdb/book_detail.nhn?bid=16325834,https://bookthumb-phinf.pstatic.net/cover/163/258/16325834.jpg?type=m1&udate=Sat May 02 17:04:41 KST 2020
너의 옷이 보여 8,킹묵,청어람,2020.04.21,"7,200원(-10%)",http://book.naver.com/bookdb/book_detail.nhn?bid=16341966,https://bookthumb-phinf.pstatic.net/cover/163/419/16341966.jpg?type=m1&udate=Sat May 02 17:04:41 KST 2020
천재소독비 27/완결,지에모,파란미디어,2020.04.21,"13,500원(-10%)",http://book.naver.com/bookdb/book_detail.nhn?bid=16330713,https://bookthumb-phinf.pstatic.net/cover/163/307/16330713.jpg?type=m1&udate=Sat May 02 17:04:41 KST 2020
나노머신 재벌 3세 7,풍류태,영상출판미디어(영상노트),2020.04.21,"7,200원(-10%)",http://book.naver.com/bookdb/book_detail.nhn?bid=16339257,https://bookthumb-phinf.pstatic.net/cover/163/392/16339257.jpg?type=m1&udate=Sat May 02 17:04:41 KST 2020
최고 난이도로 강해져. 5,칼텍스,북두,2020.04.21,"7,200원(-10%)",http://book.naver.com/bookdb/book_detail.nhn?bid=16343968,https://bookthumb-phinf.pstatic.net/cover/163/439/16343968.jpg?type=m1&udate=Sat May 02 17:04:41 KST 2020
천재소독비 외전,지에모,파란미디어,2020.04.21,"13,500원(-10%)",http://book.naver.com/bookdb/book_detail.nhn?bid=16330715,https://bookthumb-phinf.pstatic.net/cover/163/307/16330715.jpg?type=m1&udate=Sat May 02 17:04:41 KST 2020
9999회차 SSS급 정찰병 4,트래스크,영상출판미디어(영상노트),2020.04.21,"7,200원(-10%)",http://book.naver.com/bookdb/book_detail.nhn?bid=16339260,https://bookthumb-phinf.pstatic.net/cover/163/392/16339260.jpg?type=m1&udate=Sat May 02 17:04:41 KST 2020
재벌가 망나니 입니다만?. 6,초촌,북두,2020.04.21,"7,200원(-10%)",http://book.naver.com/bookdb/book_detail.nhn?bid=16343969,https://bookthumb-phinf.pstatic.net/cover/163/439/16343969.jpg?type=m1&udate=Sat May 02 17:04:41 KST 2020
피와뼈 1,김성모,우주미디어,2020.04.21,"5,700원(-5%)",http://book.naver.com/bookdb/book_detail.nhn?bid=16339965,https://ssl.pstatic.net/static/book/image/juvenile_pest_82X116.gif&udate=Sat May 02 17:04:41 KST 2020
연기의 신이 되었다 8/완결,르뽀렘,파피루스(디앤씨미디어),2020.04.21,"7,200원(-10%)",http://book.naver.com/bookdb/book_detail.nhn?bid=16339901,https://bookthumb-phinf.pstatic.net/cover/163/399/16339901.jpg?type=m1&udate=Sat May 02 17:04:41 KST 2020
피와뼈 2,김성모,우주미디어,2020.04.21,"5,700원(-5%)",http://book.naver.com/bookdb/book_detail.nhn?bid=16339966,https://ssl.pstatic.net/static/book/image/juvenile_pest_82X116.gif&udate=Sat May 02 17:04:41 KST 2020
탱고를 추는 神父,정인,바른북스,2020.04.21,"12,420원(-10%)",http://book.naver.com/bookdb/book_detail.nhn?bid=16339945,https://bookthumb-phinf.pstatic.net/cover/163/399/16339945.jpg?type=m1&udate=Sat May 02 17:04:41 KST 2020
술만 마시고 레벨 업 9,펩티드,파피루스(디앤씨미디어),2020.04.21,"7,200원(-10%)",http://book.naver.com/bookdb/book_detail.nhn?bid=16339902,https://bookthumb-phinf.pstatic.net/cover/163/399/16339902.jpg?type=m1&udate=Sat May 02 17:04:41 KST 2020
"더 킹, 왕이 되는자 5",배가,파피루스(디앤씨미디어),2020.04.21,"7,200원(-10%)",http://book.naver.com/bookdb/book_detail.nhn?bid=16339904,https://bookthumb-phinf.pstatic.net/cover/163/399/16339904.jpg?type=m1&udate=Sat May 02 17:04:41 KST 2020
